code_departement;total_population;Département;Taux de chômage;code_region;nom_region;Nombre de créations d'entreprises
01;671937;Ain                    ;5.4;84;Auvergne-Rhône-Alpes      ;8417
02;522791;Aisne                  ;10.4;32;Hauts-de-France           ;4422
03;332443;Allier                 ;7.6;84;Auvergne-Rhône-Alpes      ;3355
04;166654;Alpes-de-Haute-Provence;8.2;93;Provence-Alpes-Côte d'Azur;2629
05;139942;Hautes-Alpes           ;6.8;93;Provence-Alpes-Côte d'Azur;2484
06;1110328;Alpes-Maritimes        ;7.4;93;Provence-Alpes-Côte d'Azur;28273
07;332230;Ardèche                ;8;84;Auvergne-Rhône-Alpes      ;4342
08;265417;Ardennes               ;9.4;44;Grand Est                 ;2533
09;154581;Ariège                 ;9.4;76;Occitanie                 ;2074
10;312713;Aube                   ;9.5;44;Grand Est                 ;3559
11;379775;Aude                   ;10;76;Occitanie                 ;5394
12;279504;Aveyron                ;5.7;76;Occitanie                 ;3219
13;2069118;Bouches-du-Rhône       ;8.8;93;Provence-Alpes-Côte d'Azur;45496
14;700595;Calvados               ;6.4;28;Normandie                 ;8602
15;143639;Cantal                 ;4;84;Auvergne-Rhône-Alpes      ;1266
16;351036;Charente               ;6.9;75;Nouvelle-Aquitaine        ;3870
17;665904;Charente-Maritime      ;6.9;75;Nouvelle-Aquitaine        ;9425
18;297274;Cher                   ;7.4;24;Centre-Val de Loire       ;2944
19;237077;Corrèze                ;6;75;Nouvelle-Aquitaine        ;2587
21;536166;Côte-d'Or              ;5.6;27;Bourgogne-Franche-Comté   ;6758
22;607834;Côtes-d'Armor          ;6.3;53;Bretagne                  ;6416
23;113106;Creuse                 ;7;75;Nouvelle-Aquitaine        ;1015
24;411382;Dordogne               ;7.2;75;Nouvelle-Aquitaine        ;5293
25;550112;Doubs                  ;6.5;27;Bourgogne-Franche-Comté   ;6140
26;523185;Drôme                  ;7.8;84;Auvergne-Rhône-Alpes      ;7427
27;596710;Eure                   ;7;28;Normandie                 ;6626
28;428994;Eure-et-Loir           ;6.7;24;Centre-Val de Loire       ;4905
29;926065;Finistère              ;6.1;53;Bretagne                  ;9302
2A;163955;Corse-du-Sud           ;5.8;94;Corse                     ;3226
2B;187300;Haute-Corse            ;6.4;94;Corse                     ;2861
30;757435;Gard                   ;9.9;76;Occitanie                 ;11675
31;1470367;Haute-Garonne          ;7.4;76;Occitanie                 ;25199
32;192820;Gers                   ;5.7;76;Occitanie                 ;2434
33;1691437;Gironde                ;6.6;75;Nouvelle-Aquitaine        ;32877
34;1232805;Hérault                ;10.1;76;Occitanie                 ;23697
35;1118600;Ille-et-Vilaine        ;5.4;53;Bretagne                  ;14477
36;214914;Indre                  ;7.1;24;Centre-Val de Loire       ;1923
37;618016;Indre-et-Loire         ;6.5;24;Centre-Val de Loire       ;8165
38;1294476;Isère                  ;5.9;84;Auvergne-Rhône-Alpes      ;19361
39;256814;Jura                   ;5.1;27;Bourgogne-Franche-Comté   ;2781
40;428669;Landes                 ;6.9;75;Nouvelle-Aquitaine        ;6353
41;326465;Loir-et-Cher           ;6;24;Centre-Val de Loire       ;3585
42;772342;Loire                  ;7.1;84;Auvergne-Rhône-Alpes      ;10155
43;226878;Haute-Loire            ;5.6;84;Auvergne-Rhône-Alpes      ;2537
44;1497313;Loire-Atlantique       ;5.7;52;Pays de la Loire          ;20606
45;686615;Loiret                 ;7.1;24;Centre-Val de Loire       ;8276
46;175308;Lot                    ;7.3;76;Occitanie                 ;2117
47;328309;Lot-et-Garonne         ;7.4;75;Nouvelle-Aquitaine        ;4179
48;76648;Lozère                 ;4.6;76;Occitanie                 ;721
49;828269;Maine-et-Loire         ;6.5;52;Pays de la Loire          ;9515
50;492642;Manche                 ;5.1;28;Normandie                 ;4244
51;564108;Marne                  ;7.1;44;Grand Est                 ;7453
52;167544;Haute-Marne            ;6.3;44;Grand Est                 ;1466
53;305452;Mayenne                ;5;52;Pays de la Loire          ;3236
54;729477;Meurthe-et-Moselle     ;7;44;Grand Est                 ;7863
55;178010;Meuse                  ;7.2;44;Grand Est                 ;1477
56;777383;Morbihan               ;5.8;53;Bretagne                  ;8904
57;1051456;Moselle                ;7.2;44;Grand Est                 ;11233
58;197857;Nièvre                 ;6.7;27;Bourgogne-Franche-Comté   ;1876
59;2606646;Nord                   ;9.2;32;Hauts-de-France           ;32688
60;833259;Oise                   ;7.4;32;Hauts-de-France           ;9689
61;272872;Orne                   ;6.6;28;Normandie                 ;2474
62;1453934;Pas-de-Calais          ;8.2;32;Hauts-de-France           ;13307
63;669117;Puy-de-Dôme            ;6.3;84;Auvergne-Rhône-Alpes      ;8527
64;697899;Pyrénées-Atlantiques   ;5.7;75;Nouvelle-Aquitaine        ;10708
65;230583;Hautes-Pyrénées        ;7.9;76;Occitanie                 ;2986
66;490594;Pyrénées-Orientales    ;11.6;76;Occitanie                 ;8034
67;1168422;Bas-Rhin               ;6.2;44;Grand Est                 ;15712
68;769231;Haut-Rhin              ;6.9;44;Grand Est                 ;8749
69;1921014;Rhône                  ;6.3;84;Auvergne-Rhône-Alpes      ;39012
70;231773;Haute-Saône            ;6.4;27;Bourgogne-Franche-Comté   ;2185
71;547362;Saône-et-Loire         ;6.4;27;Bourgogne-Franche-Comté   ;5965
72;567118;Sarthe                 ;7.1;52;Pays de la Loire          ;5403
73;447797;Savoie                 ;5.3;84;Auvergne-Rhône-Alpes      ;7515
74;862267;Haute-Savoie           ;5.4;84;Auvergne-Rhône-Alpes      ;13759
75;2102650;Paris                  ;5.7;11;Île-de-France             ;88925
76;1254204;Seine-Maritime         ;7.9;28;Normandie                 ;13546
77;1452775;Seine-et-Marne         ;6.7;11;Île-de-France             ;23682
78;1461524;Yvelines               ;6.4;11;Île-de-France             ;25527
79;373899;Deux-Sèvres            ;5.3;75;Nouvelle-Aquitaine        ;3420
80;564067;Somme                  ;8.7;32;Hauts-de-France           ;5802
81;394546;Tarn                   ;7.8;76;Occitanie                 ;5240
82;266039;Tarn-et-Garonne        ;8.6;76;Occitanie                 ;3564
83;1110260;Var                    ;7.4;93;Provence-Alpes-Côte d'Azur;21660
84;563789;Vaucluse               ;9.5;93;Provence-Alpes-Côte d'Azur;9933
85;709274;Vendée                 ;5.2;52;Pays de la Loire          ;7814
86;441534;Vienne                 ;5.9;75;Nouvelle-Aquitaine        ;5232
87;370113;Haute-Vienne           ;6.5;75;Nouvelle-Aquitaine        ;4081
88;355884;Vosges                 ;7.4;44;Grand Est                 ;3665
89;329321;Yonne                  ;6.7;27;Bourgogne-Franche-Comté   ;3600
91;1316053;Essonne                ;6.4;11;Île-de-France             ;23093
92;1642002;Hauts-de-Seine         ;5.9;11;Île-de-France             ;36273
93;1682806;Seine-Saint-Denis      ;10.2;11;Île-de-France             ;38726
94;1426748;Val-de-Marne           ;7.2;11;Île-de-France             ;28800
95;1274374;Val-d'Oise             ;8.1;11;Île-de-France             ;23846
